Tanggal,Total Volume Sampah (mÂ³)
2025-01-01,125.74632
2025-01-02,121.491615
2025-01-03,118.40919
2025-01-04,111.09813
2025-01-05,95.596115
2025-01-06,126.67402
2025-01-07,116.93966
2025-01-08,117.22374
2025-01-09,114.439316
2025-01-10,112.92706
2025-01-11,103.02319
2025-01-12,86.22466
2025-01-13,119.56087
2025-01-14,110.93459
2025-01-15,112.21301
2025-01-16,109.86705
2025-01-17,108.5346
2025-01-18,98.72595
2025-01-19,81.94225
2025-01-20,115.950935
2025-01-21,107.65337
2025-01-22,109.47154
2025-01-23,107.50338
2025-01-24,106.5085
2025-01-25,96.84858
2025-01-26,80.369225
2025-01-27,114.727585
2025-01-28,100.27774
2025-01-29,104.93838
2025-01-30,103.405396
2025-01-31,103.91571
2025-02-01,98.05441
2025-02-02,83.30577
2025-02-03,117.803825
2025-02-04,110.01391
2025-02-05,112.63962
2025-02-06,111.03449
2025-02-07,110.195404
2025-02-08,100.76593
2025-02-09,84.307335
2025-02-10,118.28128
2025-02-11,110.057175
2025-02-12,112.108635
2025-02-13,110.24438
2025-02-14,109.27918
2025-02-15,99.75482
2025-02-16,83.2448
2025-02-17,117.20298
2025-02-18,108.87047
2025-02-19,110.8993
2025-02-20,109.10581
2025-02-21,108.29594
2025-02-22,98.912674
2025-02-23,82.54886
2025-02-24,116.57325
2025-02-25,108.21587
2025-02-26,110.266045
2025-02-27,108.37338
2025-02-28,107.75205
2025-03-01,98.40491
2025-03-02,82.34117
2025-03-03,116.37523
2025-03-04,107.975334
2025-03-05,110.05443
2025-03-06,108.46654
2025-03-07,108.020584
2025-03-08,98.95195
2025-03-09,82.980484
2025-03-10,116.889755
2025-03-11,108.35715
2025-03-12,110.35229
2025-03-13,108.76405
2025-03-14,108.36694
2025-03-15,99.34465
2025-03-16,83.42825
2025-03-17,117.29001
2025-03-18,108.7012
2025-03-19,110.68061
2025-03-20,109.10862
2025-03-21,108.7517
2025-03-22,99.7603
2025-03-23,83.875206
2025-03-24,117.70414
2025-03-25,109.05477
2025-03-26,111.02196
2025-03-27,109.46094
2025-03-28,109.13638
2025-03-29,100.16824
2025-03-30,81.45445
2025-03-31,114.82935
2025-04-01,89.08808
2025-04-02,97.50135
2025-04-03,118.519005
2025-04-04,123.07295
2025-04-05,113.97587
2025-04-06,96.84264
2025-04-07,128.49104
2025-04-08,118.44195
2025-04-09,119.659386
2025-04-10,117.399055
2025-04-11,116.42767
2025-04-12,106.96019
2025-04-13,90.75268
2025-04-14,123.81192
2025-04-15,114.68921
2025-04-16,116.35598
2025-04-17,114.52983
2025-04-18,113.90706
2025-04-19,103.51753
2025-04-20,86.666824
2025-04-21,115.16783
2025-04-22,108.56046
2025-04-23,114.86474
2025-04-24,114.565895
2025-04-25,114.83835
2025-04-26,106.0993
2025-04-27,90.44509
2025-04-28,123.63105
2025-04-29,114.43013
2025-04-30,116.267006
2025-05-01,114.41034
2025-05-02,113.08275
2025-05-03,102.78573
2025-05-04,90.04402
2025-05-05,123.59141
2025-05-06,114.544716
2025-05-07,116.57858
2025-05-08,115.03137
2025-05-09,114.822655
2025-05-10,105.91647
2025-05-11,90.28999
2025-05-12,123.305916
2025-05-13,109.39304
2025-05-14,112.40634
2025-05-15,113.83074
2025-05-16,114.704704
2025-05-17,106.26192
2025-05-18,90.92635
2025-05-19,123.78822
2025-05-20,114.47878
2025-05-21,116.15023
2025-05-22,114.6805
2025-05-23,114.64089
2025-05-24,105.88686
2025-05-25,90.406784
2025-05-26,123.424835
2025-05-27,114.00973
2025-05-28,115.69384
2025-05-29,114.19371
2025-05-30,113.838165
2025-05-31,103.41974
2025-06-01,90.77699
2025-06-02,118.10429
2025-06-03,109.96914
2025-06-04,115.80532
2025-06-05,115.58785
2025-06-06,116.33662
2025-06-07,100.77181
2025-06-08,97.58151
2025-06-09,132.77344
2025-06-10,122.78481
2025-06-11,123.97558
2025-06-12,121.29798
2025-06-13,120.44592
2025-06-14,111.09109
2025-06-15,95.305916
2025-06-16,127.57161
2025-06-17,117.67838
2025-06-18,119.10114
2025-06-19,117.483376
2025-06-20,117.43533
2025-06-21,108.67939
2025-06-22,93.310585
2025-06-23,125.9113
2025-06-24,116.11496
2025-06-25,117.658264
2025-06-26,116.19145
2025-06-27,116.34254
2025-06-28,107.86516
2025-06-29,90.88721
2025-06-30,125.67342
2025-07-01,116.372375
2025-07-02,118.412025
2025-07-03,117.06253
2025-07-04,117.41444
2025-07-05,109.03098
2025-07-06,94.12206
2025-07-07,126.55678
2025-07-08,116.707985
2025-07-09,118.32333
2025-07-10,117.02629
2025-07-11,117.43916
2025-07-12,109.087166
2025-07-13,94.19709
2025-07-14,126.660576
2025-07-15,116.69797
2025-07-16,118.243965
2025-07-17,116.9534
2025-07-18,117.422104
2025-07-19,109.123
2025-07-20,94.28875
2025-07-21,126.74669
2025-07-22,116.74572
2025-07-23,118.310875
2025-07-24,117.06391
2025-07-25,117.60047
2025-07-26,109.360794
2025-07-27,94.58586
2025-07-28,126.97238
2025-07-29,116.94184
2025-07-30,118.526764
2025-07-31,117.32336
2025-08-01,117.92581
2025-08-02,109.79755
2025-08-03,95.12193
2025-08-04,127.5115
2025-08-05,117.40999
2025-08-06,119.0074
2025-08-07,117.87947
2025-08-08,118.61375
2025-08-09,110.550995
2025-08-10,96.03734
2025-08-11,128.26915
2025-08-12,118.05332
2025-08-13,119.583626
2025-08-14,118.4432
2025-08-15,119.19404
2025-08-16,111.15117
2025-08-17,96.66145
2025-08-18,124.19909
2025-08-19,114.11716
2025-08-20,119.25698
2025-08-21,119.06151
2025-08-22,120.30381
2025-08-23,112.51291
2025-08-24,98.216194
2025-08-25,130.27675
2025-08-26,120.02142
2025-08-27,121.60784
2025-08-28,120.47301
2025-08-29,121.20345
2025-08-30,113.13375
2025-08-31,98.609535
2025-09-01,130.61072
2025-09-02,120.23271
2025-09-03,121.65445
2025-09-04,120.513466
2025-09-05,121.34013
2025-09-06,114.658554
2025-09-07,97.80411
2025-09-08,131.54474
2025-09-09,121.35029
2025-09-10,123.16773
2025-09-11,122.046326
2025-09-12,122.8806
2025-09-13,114.91896
2025-09-14,100.62899
2025-09-15,132.32338
2025-09-16,121.765366
2025-09-17,123.12561
2025-09-18,122.018394
2025-09-19,122.885704
2025-09-20,114.94887
2025-09-21,100.655556
2025-09-22,132.35666
2025-09-23,121.72178
2025-09-24,123.13074
2025-09-25,122.03267
2025-09-26,122.94467
2025-09-27,115.04839
2025-09-28,100.79639
2025-09-29,132.49783
2025-09-30,121.830475
2025-10-01,123.26567
2025-10-02,122.24148
2025-10-03,123.18838
2025-10-04,115.41241
2025-10-05,101.38628
2025-10-06,132.95233
2025-10-07,122.21758
2025-10-08,123.666985
2025-10-09,122.70574
2025-10-10,123.83663
2025-10-11,116.144806
2025-10-12,102.18552
2025-10-13,133.67735
2025-10-14,122.85694
2025-10-15,124.26323
2025-10-16,123.29329
2025-10-17,124.43487
2025-10-18,116.757095
2025-10-19,102.812256
2025-10-20,134.24475
2025-10-21,123.374535
2025-10-22,124.77464
2025-10-23,123.81174
2025-10-24,124.971214
2025-10-25,117.30948
2025-10-26,103.378784
2025-10-27,134.76865
2025-10-28,123.8535
2025-10-29,125.256485
2025-10-30,124.30588
2025-10-31,125.486275
2025-11-01,117.8422
2025-11-02,103.99556
2025-11-03,135.2698
2025-11-04,124.29763
2025-11-05,125.7305
2025-11-06,124.86257
2025-11-07,126.1759
2025-11-08,118.65803
2025-11-09,104.95814
2025-11-10,136.12502
2025-11-11,125.05453
2025-11-12,126.425735
2025-11-13,125.54008
2025-11-14,126.85745
2025-11-15,119.348526
2025-11-16,105.66135
2025-11-17,136.74664
2025-11-18,125.62099
2025-11-19,126.97702
2025-11-20,126.09306
2025-11-21,127.42359
2025-11-22,119.928505
2025-11-23,106.253204
2025-11-24,137.29031
2025-11-25,126.12044
2025-11-26,127.47827
2025-11-27,126.6047
2025-11-28,127.953705
2025-11-29,120.475
2025-11-30,106.813385
2025-12-01,137.81009
2025-12-02,126.60512
2025-12-03,127.913185
2025-12-04,127.08467
2025-12-05,128.54764
2025-12-06,121.191505
2025-12-07,107.742905
2025-12-08,138.58556
2025-12-09,127.279625
2025-12-10,128.62314
2025-12-11,127.82079
2025-12-12,129.30696
2025-12-13,121.9637
2025-12-14,108.52976
2025-12-15,139.26578
2025-12-16,127.896675
2025-12-17,129.21611
2025-12-18,128.40964
2025-12-19,129.90442
2025-12-20,122.572395
2025-12-21,109.14804
2025-12-22,139.82954
2025-12-23,128.41655
2025-12-24,129.73611
2025-12-25,128.9381
2025-12-26,133.02835
2025-12-27,121.912094
2025-12-28,110.834816
2025-12-29,141.30037
2025-12-30,129.77907
2025-12-31,131.20634
2026-01-01,130.34758
2026-01-02,128.52115
2026-01-03,115.85399
2026-01-04,102.148155
2026-01-05,133.58853
2026-01-06,122.36177
2026-01-07,122.41047
2026-01-08,119.45968
2026-01-09,117.95945
2026-01-10,108.036964
2026-01-11,91.26054
2026-01-12,125.0766
2026-01-13,115.310776
2026-01-14,116.47962
2026-01-15,114.17325
2026-01-16,113.05193
2026-01-17,101.55607
2026-01-18,84.15556
2026-01-19,121.42834
2026-01-20,112.90575
2026-01-21,115.28603
2026-01-22,113.47298
2026-01-23,112.66402
2026-01-24,103.20073
2026-01-25,86.62278
2026-01-26,121.40193
2026-01-27,112.238594
2026-01-28,114.21328
2026-01-29,112.424
2026-01-30,111.69952
2026-01-31,102.337364
2026-02-01,85.822655
2026-02-02,120.7949
2026-02-03,111.633286
2026-02-04,113.68648
2026-02-05,112.009964
2026-02-06,111.46456
2026-02-07,102.25752
2026-02-08,86.038345
2026-02-09,120.81647
2026-02-10,111.56431
2026-02-11,113.56747
2026-02-12,111.923386
2026-02-13,111.464645
2026-02-14,102.33964
2026-02-15,86.21652
2026-02-16,120.92437
2026-02-17,111.63927
2026-02-18,110.74682
2026-02-19,108.3934
2026-02-20,111.388115
2026-02-21,103.4052
2026-02-22,87.869576
2026-02-23,122.62871
2026-02-24,113.36512
2026-02-25,115.49624
2026-02-26,113.89125
2026-02-27,113.44651
2026-02-28,104.30974
2026-03-01,88.16689
2026-03-02,122.842224
2026-03-03,113.3559
2026-03-04,115.320206
2026-03-05,113.71604
2026-03-06,113.35924
2026-03-07,104.298645
2026-03-08,88.31242
2026-03-09,122.7853
2026-03-10,113.19814
2026-03-11,115.10665
2026-03-12,113.537025
2026-03-13,113.27137
2026-03-14,104.29529
2026-03-15,88.40211
2026-03-16,122.8533
2026-03-17,113.23317
2026-03-18,115.15703
2026-03-19,113.63527
2026-03-20,112.40513
2026-03-21,91.77994
2026-03-22,79.3132
2026-03-23,133.84767
2026-03-24,127.49183
2026-03-25,129.87906
2026-03-26,126.38601
2026-03-27,124.10608
2026-03-28,113.41037
2026-03-29,96.20591
2026-03-30,129.51364
2026-03-31,119.17978
2026-04-01,120.61023
2026-04-02,118.69014
2026-04-03,117.97204
2026-04-04,107.68508
2026-04-05,90.28667
2026-04-06,120.14564
2026-04-07,112.093765
2026-04-08,118.59622
2026-04-09,118.33003
2026-04-10,118.66331
2026-04-11,109.88474
2026-04-12,94.15345
2026-04-13,128.06271
2026-04-14,118.08073
2026-04-15,119.86816
2026-04-16,118.2003
2026-04-17,117.84129
2026-04-18,108.746506
2026-04-19,92.77145
2026-04-20,126.6308
2026-04-21,116.47201
2026-04-22,118.226974
2026-04-23,116.688965
2026-04-24,116.577805
2026-04-25,107.71587
2026-04-26,92.02622
2026-04-27,126.05143
2026-04-28,115.97651
2026-04-29,117.78964
2026-04-30,116.34142
2026-05-01,116.351616
2026-05-02,107.21395
2026-05-03,89.96514
2026-05-04,126.40492
2026-05-05,116.930176
2026-05-06,119.28269
2026-05-07,118.01364
2026-05-08,118.16641
2026-05-09,109.49797
2026-05-10,94.08569
2026-05-11,127.87042
2026-05-12,117.60495
2026-05-13,119.3706
2026-05-14,117.959496
2026-05-15,117.84798
2026-05-16,106.99022
2026-05-17,94.64997
2026-05-18,128.78082
2026-05-19,118.6307
2026-05-20,120.637245
2026-05-21,119.24648
2026-05-22,119.349495
2026-05-23,110.65798
2026-05-24,95.229904
2026-05-25,128.89987
2026-05-26,118.513985
2026-05-27,120.2465
2026-05-28,108.652916
2026-05-29,121.172195
2026-05-30,115.91774
2026-05-31,100.44719
2026-06-01,127.338646
2026-06-02,113.11589
2026-06-03,118.88219
2026-06-04,121.252556
2026-06-05,122.66326
2026-06-06,114.46881
2026-06-07,99.42928
2026-06-08,132.677
2026-06-09,122.0894
2026-06-10,123.828255
2026-06-11,122.37366
2026-06-12,122.4295
2026-06-13,113.69064
2026-06-14,98.253784
2026-06-15,131.54362
2026-06-16,120.82285
2026-06-17,121.12805
2026-06-18,117.83681
2026-06-19,121.11069
2026-06-20,113.31397
2026-06-21,98.43996
2026-06-22,131.74036
2026-06-23,121.07566
2026-06-24,122.83496
2026-06-25,121.500145
2026-06-26,121.76461
2026-06-27,113.15357
2026-06-28,97.9804
2026-06-29,131.32216
2026-06-30,120.58224
2026-07-01,122.20107
2026-07-02,120.93777
2026-07-03,121.31391
2026-07-04,112.94996
2026-07-05,98.02967
2026-07-06,131.34991
2026-07-07,120.53066
2026-07-08,122.228
2026-07-09,121.05377
2026-07-10,121.60733
2026-07-11,113.3227
2026-07-12,98.47569
2026-07-13,131.7022
2026-07-14,120.81502
2026-07-15,122.50002
2026-07-16,121.352066
2026-07-17,121.923
2026-07-18,113.70473
2026-07-19,98.92396
2026-07-20,132.12209
2026-07-21,121.19645
2026-07-22,122.89052
2026-07-23,121.76951
2026-07-24,122.41267
2026-07-25,114.212006
2026-07-26,99.44763
2026-07-27,132.60677
2026-07-28,121.633965
2026-07-29,123.33048
2026-07-30,122.22255
2026-07-31,122.887436
2026-08-01,114.70264
2026-08-02,100.05683
2026-08-03,133.1272
2026-08-04,122.09881
2026-08-05,123.8304
2026-08-06,122.80424
2026-08-07,123.59083
2026-08-08,115.51545
2026-08-09,100.96313
2026-08-10,133.91983
2026-08-11,122.76583
2026-08-12,124.426926
2026-08-13,123.383606
2026-08-14,124.17844
2026-08-15,116.11772
2026-08-16,101.58709
2026-08-17,134.47327
2026-08-18,120.633484
2026-08-19,121.8575
2026-08-20,123.75303
2026-08-21,125.37089
2026-08-22,117.58648
2026-08-23,103.20642
2026-08-24,135.92511
2026-08-25,124.688
2026-08-26,126.08708
2026-08-27,122.50072
2026-08-28,126.187004
2026-08-29,118.76757
2026-08-30,104.511116
2026-08-31,137.10968
2026-09-01,125.80598
2026-09-02,127.56755
2026-09-03,126.4332
2026-09-04,127.204865
2026-09-05,119.14995
2026-09-06,104.71829
2026-09-07,137.26991
2026-09-08,125.806076
2026-09-09,127.37029
2026-09-10,126.32018
2026-09-11,127.16159
2026-09-12,119.14451
2026-09-13,104.75643
2026-09-14,137.25926
2026-09-15,125.739265
2026-09-16,127.307434
2026-09-17,126.26994
2026-09-18,127.20613
2026-09-19,119.279
2026-09-20,104.97596
2026-09-21,137.47923
2026-09-22,125.943016
2026-09-23,127.54612
2026-09-24,126.59291
2026-09-25,127.54683
2026-09-26,119.6743
2026-09-27,105.42198
2026-09-28,137.90422
2026-09-29,126.33515
2026-09-30,127.95493
2026-10-01,127.028175
2026-10-02,128.10066
2026-10-03,120.23831
2026-10-04,106.14421
2026-10-05,138.55545
2026-10-06,126.91564
2026-10-07,128.55113
2026-10-08,127.6978
2026-10-09,128.8293
2026-10-10,121.08267
2026-10-11,107.04871
2026-10-12,139.30887
2026-10-13,127.56784
2026-10-14,129.15416
2026-10-15,128.28842
2026-10-16,129.42526
2026-10-17,121.69046
2026-10-18,107.670395
2026-10-19,139.86853
2026-10-20,128.08008
2026-10-21,129.66232
2026-10-22,128.8043
2026-10-23,129.9566
2026-10-24,122.236435
2026-10-25,108.22907
2026-10-26,140.38406
2026-10-27,128.55408
2026-10-28,130.14143
2026-10-29,129.29572
2026-10-30,130.466
2026-10-31,122.761246
2026-11-01,108.76555
2026-11-02,140.92592
2026-11-03,128.99962
2026-11-04,130.6166
2026-11-05,129.85051
2026-11-06,131.14218
2026-11-07,123.554085
2026-11-08,109.76593
2026-11-09,141.72842
2026-11-10,129.74727
2026-11-11,131.31987
2026-11-12,130.54175
2026-11-13,131.83484
2026-11-14,124.252495
2026-11-15,110.47598
2026-11-16,142.34943
2026-11-17,130.31152
2026-11-18,131.86923
2026-11-19,131.09276
2026-11-20,132.39632
2026-11-21,124.826614
2026-11-22,111.061066
2026-11-23,142.88515
2026-11-24,130.80583
2026-11-25,132.36707
2026-11-26,131.60106
2026-11-27,132.92067
2026-11-28,125.365524
2026-11-29,111.61192
2026-11-30,143.39476
2026-12-01,131.27681
2026-12-02,132.88495
2026-12-03,132.08711
2026-12-04,133.48517
2026-12-05,126.03932
2026-12-06,112.48891
2026-12-07,144.15404
2026-12-08,131.9492
2026-12-09,133.5152
2026-12-10,132.82457
2026-12-11,134.26912
2026-12-12,126.83759
2026-12-13,113.30133
2026-12-14,144.84647
2026-12-15,132.57027
2026-12-16,134.10889
2026-12-17,133.41214
2026-12-18,134.86154
2026-12-19,127.43999
2026-12-20,113.9125
2026-12-21,145.40126
2026-12-22,133.08354
2026-12-23,134.62344
2026-12-24,133.9353
2026-12-25,135.39845
2026-12-26,130.41751
2026-12-27,113.14426
2026-12-28,146.45854
2026-12-29,134.32425
2026-12-30,136.13655
2026-12-31,135.38983
2027-01-01,136.7959
2027-01-02,125.47901
2027-01-03,106.37129
2027-01-04,139.74825
2027-01-05,127.50495
2027-01-06,125.75776
2027-01-07,121.30336
2027-01-08,123.18693
2027-01-09,114.29335
2027-01-10,98.0657
2027-01-11,132.01419
2027-01-12,121.21148
2027-01-13,122.42589
2027-01-14,120.11864
2027-01-15,119.04742
2027-01-16,109.41689
2027-01-17,92.81214
2027-01-18,127.58506
2027-01-19,117.2196
2027-01-20,118.88494
2027-01-21,116.97317
2027-01-22,116.28488
2027-01-23,106.97478
2027-01-24,90.62965
2027-01-25,125.70641
2027-01-26,115.576385
2027-01-27,117.52922
2027-01-28,115.863266
2027-01-29,115.41125
2027-01-30,106.29007
2027-01-31,90.076584
2027-02-01,125.30425
2027-02-02,115.381134
2027-02-03,117.43587
2027-02-04,115.90538
2027-02-05,115.601906
2027-02-06,106.6515
2027-02-07,87.86528
2027-02-08,121.84181
2027-02-09,115.0669
2027-02-10,118.57213
2027-02-11,117.46962
2027-02-12,117.37011
2027-02-13,108.42741
2027-02-14,92.44282
2027-02-15,127.40594
2027-02-16,117.133026
2027-02-17,119.11454
2027-02-18,117.519684
2027-02-19,117.19693
2027-02-20,108.180046
2027-02-21,92.16351
2027-02-22,127.13385
2027-02-23,116.81348
2027-02-24,118.78765
2027-02-25,117.24698
2027-02-26,117.01256
2027-02-27,108.071304
2027-02-28,92.12456
2027-03-01,127.10767
2027-03-02,116.86554
2027-03-03,118.84883
2027-03-04,117.399826
2027-03-05,117.308136
2027-03-06,108.484856
2027-03-07,92.7215
2027-03-08,127.60131
2027-03-09,112.55678
2027-03-10,101.22704
2027-03-11,105.02826
2027-03-12,125.801414
2027-03-13,121.13401
2027-03-14,104.95552
2027-03-15,137.92746
2027-03-16,125.88893
2027-03-17,126.79793
2027-03-18,124.26807
2027-03-19,123.26069
2027-03-20,113.72786
2027-03-21,97.440315
2027-03-22,131.7471
2027-03-23,120.861496
2027-03-24,122.5195
2027-03-25,120.79913
2027-03-26,120.44876
2027-03-27,110.564
2027-03-28,92.86544
2027-03-29,123.761604
2027-03-30,114.564514
2027-03-31,121.3445
2027-04-01,121.20171
2027-04-02,121.77975
2027-04-03,113.08762
2027-04-04,97.46581
2027-04-05,131.9164
2027-04-06,121.10959
2027-04-07,122.98274
2027-04-08,121.396935
2027-04-09,121.21375
2027-04-10,112.305405
2027-04-11,96.626
2027-04-12,131.02829
2027-04-13,120.10247
2027-04-14,121.91611
2027-04-15,120.47627
2027-04-16,120.507385
2027-04-17,111.77751
2027-04-18,96.21448
2027-04-19,130.65968
2027-04-20,119.74031
2027-04-21,121.61446
2027-04-22,120.26247
2027-04-23,120.403885
2027-04-24,111.76913
2027-04-25,96.29552
2027-04-26,130.75435
2027-04-27,119.82635
2027-04-28,121.723305
2027-04-29,120.43797
2027-04-30,120.66036
2027-05-01,112.093376
2027-05-02,95.08023
2027-05-03,127.56534
2027-05-04,119.81446
2027-05-05,123.07566
2027-05-06,122.18988
2027-05-07,122.51692
2027-05-08,111.4782
2027-05-09,99.41876
2027-05-10,133.99509
2027-05-11,123.02386
2027-05-12,125.111885
2027-05-13,123.76178
2027-05-14,123.89169
2027-05-15,115.21757
2027-05-16,99.80941
2027-05-17,117.896614
2027-05-18,123.00196
2027-05-19,129.70882
2027-05-20,128.36575
2027-05-21,127.77442
2027-05-22,115.808846
2027-05-23,102.93421
2027-05-24,136.81044
2027-05-25,125.31928
2027-05-26,127.09014
2027-05-27,125.535446
2027-05-28,125.52294
2027-05-29,116.74162
2027-05-30,101.25503
2027-05-31,135.16011
2027-06-01,123.71271
2027-06-02,124.263885
2027-06-03,120.74586
2027-06-04,124.27802
2027-06-05,116.60119
2027-06-06,101.79221
2027-06-07,130.46074
2027-06-08,119.06342
2027-06-09,125.09846
2027-06-10,124.97815
2027-06-11,125.85599
2027-06-12,117.602806
2027-06-13,102.601974
2027-06-14,136.38782
2027-06-15,124.87254
2027-06-16,126.61359
2027-06-17,125.343185
2027-06-18,125.672424
2027-06-19,117.18851
2027-06-20,102.042564
2027-06-21,135.84511
2027-06-22,124.26001
2027-06-23,126.00994
2027-06-24,124.799644
2027-06-25,125.24044
2027-06-26,116.85942
2027-06-27,101.82084
2027-06-28,135.66098
2027-06-29,124.07818
2027-06-30,125.88415
2027-07-01,124.74728
2027-07-02,125.364296
2027-07-03,117.073685
2027-07-04,102.2559
2027-07-05,136.09328
2027-07-06,124.459305
2027-07-07,126.291626
2027-07-08,125.26084
2027-07-09,125.93541
2027-07-10,117.75998
2027-07-11,103.01138
2027-07-12,136.71458
2027-07-13,124.97559
2027-07-14,126.78227
2027-07-15,125.74563
2027-07-16,126.43344
2027-07-17,118.27623
2027-07-18,103.5492
2027-07-19,137.20207
2027-07-20,125.41706
2027-07-21,127.22281
2027-07-22,126.19827
2027-07-23,126.9056
2027-07-24,118.76477
2027-07-25,104.052895
2027-07-26,137.66827
2027-07-27,125.840256
2027-07-28,127.65058
2027-07-29,126.63923
2027-07-30,127.366
2027-07-31,119.23994
2027-08-01,104.53957
2027-08-02,138.20941
2027-08-03,126.29442
2027-08-04,128.14316
2027-08-05,127.21405
2027-08-06,128.05382
2027-08-07,120.02841
2027-08-08,105.51628
2027-08-09,138.9629
2027-08-10,126.9619
2027-08-11,128.75085
2027-08-12,127.80446
2027-08-13,128.64554
2027-08-14,120.62781
2027-08-15,105.786705
2027-08-16,136.22755
2027-08-17,127.16886
2027-08-18,129.83833
2027-08-19,126.283646
2027-08-20,130.28288
2027-08-21,122.956635
2027-08-22,108.77065
2027-08-23,141.86559
2027-08-24,129.75824
2027-08-25,131.60075
2027-08-26,130.56825
2027-08-27,131.26823
2027-08-28,123.114914
2027-08-29,108.49561
2027-08-30,141.62216
2027-08-31,129.39159
2027-09-01,131.07762
2027-09-02,130.12926
2027-09-03,130.8708
2027-09-04,122.84807
2027-09-05,108.45536
2027-09-06,141.59277
2027-09-07,129.31166
2027-09-08,131.04875
2027-09-09,130.14503
2027-09-10,131.08186
2027-09-11,123.15294
2027-09-12,108.84427
2027-09-13,141.9101
2027-09-14,129.56854
2027-09-15,131.31693
2027-09-16,130.45422
2027-09-17,131.43742
2027-09-18,123.57339
2027-09-19,109.32683
2027-09-20,142.3639
2027-09-21,130.00026
2027-09-22,131.75891
2027-09-23,130.91603
2027-09-24,131.93394
2027-09-25,124.08427
2027-09-26,109.85019
2027-09-27,142.84824
2027-09-28,130.44467
2027-09-29,132.20955
2027-09-30,131.3795
2027-10-01,132.41452
2027-10-02,124.66271
2027-10-03,110.49515
2027-10-04,143.44977
2027-10-05,130.99635
2027-10-06,132.79773
2027-10-07,132.04788
2027-10-08,133.19168
2027-10-09,125.45663
2027-10-10,111.42862
2027-10-11,144.23389
2027-10-12,131.66241
2027-10-13,133.40654
2027-10-14,132.63834
2027-10-15,133.78058
2027-10-16,126.05316
2027-10-17,112.03743
2027-10-18,144.77852
2027-10-19,132.15991
2027-10-20,133.90009
2027-10-21,133.13947
2027-10-22,134.29492
2027-10-23,126.58086
2027-10-24,112.576706
2027-10-25,145.27585
2027-10-26,132.6184
2027-10-27,134.36479
2027-10-28,133.6163
2027-10-29,134.7878
2027-10-30,127.08754
2027-10-31,113.094894
2027-11-01,145.7542
2027-11-02,133.12036
2027-11-03,134.83847
2027-11-04,134.15074
2027-11-05,135.42995
2027-11-06,127.838844
2027-11-07,114.043755
2027-11-08,146.58662
2027-11-09,133.7875
2027-11-10,135.53358
2027-11-11,134.85495
2027-11-12,136.13664
2027-11-13,128.54597
2027-11-14,114.75949
2027-11-15,147.20444
2027-11-16,134.34294
2027-11-17,136.07207
2027-11-18,135.39352
2027-11-19,136.68288
2027-11-20,129.1035
2027-11-21,115.32716
2027-11-22,147.72308
2027-11-23,134.82237
2027-11-24,136.55556
2027-11-25,135.8875
2027-11-26,137.19092
2027-11-27,129.62468
2027-11-28,115.85902
2027-11-29,148.21513
2027-11-30,135.27821
2027-12-01,137.01944
2027-12-02,136.42595
2027-12-03,137.72255
2027-12-04,130.24014
2027-12-05,116.66224
2027-12-06,148.93916
2027-12-07,135.92984
2027-12-08,137.68683
2027-12-09,137.09912
2027-12-10,138.51758
2027-12-11,131.06358
2027-12-12,117.50411
2027-12-13,149.64853
2027-12-14,136.55493
2027-12-15,138.27797
2027-12-16,137.67996
2027-12-17,139.0986
2027-12-18,131.65211
2027-12-19,118.10044
2027-12-20,150.18764
2027-12-21,137.05385
2027-12-22,138.77809
2027-12-23,138.18837
2027-12-24,139.61887
2027-12-25,132.18477
2027-12-26,119.68663
2027-12-27,147.80997
2027-12-28,137.38878
2027-12-29,139.96126
2027-12-30,139.48997
2027-12-31,140.94672
2028-01-01,133.4945
2028-01-02,114.29119
2028-01-03,142.33351
2028-01-04,131.27003
2028-01-05,132.0526
2028-01-06,129.38486
2028-01-07,128.17198
2028-01-08,118.47255
2028-01-09,101.9974
2028-01-10,135.97139
2028-01-11,124.152405
2028-01-12,125.27706
2028-01-13,123.085075
2028-01-14,122.25576
2028-01-15,112.912315
2028-01-16,96.619995
2028-01-17,131.58575
2028-01-18,120.38745
2028-01-19,122.14159
2028-01-20,120.40542
2028-01-21,119.979904
2028-01-22,110.95392
2028-01-23,94.90483
2028-01-24,130.18092
2028-01-25,119.18685
2028-01-26,121.19072
2028-01-27,117.82345
2028-01-28,115.74311
2028-01-29,110.30354
2028-01-30,95.47713
2028-01-31,131.01765
2028-02-01,120.26427
2028-02-02,122.67692
2028-02-03,121.15801
2028-02-04,120.951706
2028-02-05,112.08119
2028-02-06,96.207214
2028-02-07,131.40186
2028-02-08,120.32171
2028-02-09,122.324936
2028-02-10,120.81785
2028-02-11,120.64761
2028-02-12,111.818214
2028-02-13,96.0066
2028-02-14,131.17531
2028-02-15,120.05929
2028-02-16,122.08238
2028-02-17,120.64645
2028-02-18,120.57289
2028-02-19,111.82831
2028-02-20,96.09186
2028-02-21,131.26532
2028-02-22,120.131996
2028-02-23,122.18441
2028-02-24,120.79307
2028-02-25,120.77771
2028-02-26,112.07714
2028-02-27,83.28019
2028-02-28,113.73457
2028-02-29,126.13539
2028-03-01,133.90431
2028-03-02,131.96202
2028-03-03,130.33138
2028-03-04,119.93186
2028-03-05,102.91938
2028-03-06,136.89383
2028-03-07,124.83625
2028-03-08,126.285866
2028-03-09,124.44858
2028-03-10,124.08701
2028-03-11,115.10666
2028-03-12,99.29084
2028-03-13,134.05441
2028-03-14,122.505356
2028-03-15,124.352165
2028-03-16,122.88139
2028-03-17,122.85235
2028-03-18,114.135475
2028-03-19,98.52281
2028-03-20,133.39331
2028-03-21,121.915215
2028-03-22,123.8679
2028-03-23,122.51181
2028-03-24,122.61052
2028-03-25,114.0018
2028-03-26,98.48621
2028-03-27,127.54844
2028-03-28,116.32574
2028-03-29,122.76483
2028-03-30,122.74402
2028-03-31,123.52899
2028-04-01,115.2357
2028-04-02,100.061905
2028-04-03,134.87892
2028-04-04,123.36467
2028-04-05,125.42129
2028-04-06,124.13858
2028-04-07,124.311584
2028-04-08,115.74375
2028-04-09,100.34786
2028-04-10,135.03369
2028-04-11,123.324875
2028-04-12,125.24662
2028-04-13,123.959625
2028-04-14,124.186104
2028-04-15,115.45046
2028-04-16,97.75044
2028-04-17,129.63858
2028-04-18,118.72284
2028-04-19,125.58444
2028-04-20,125.6178
2028-04-21,126.42611
2028-04-22,118.10124
2028-04-23,102.8474
2028-04-24,137.32703
2028-04-25,125.49776
2028-04-26,127.396545
2028-04-27,126.029976
2028-04-28,126.14921
2028-04-29,117.53535
2028-04-30,102.11149
2028-05-01,136.6158
2028-05-02,121.247955
2028-05-03,122.9342
2028-05-04,125.1444
2028-05-05,126.48422
2028-05-06,109.86307
2028-05-07,106.51533
2028-05-08,143.7325
2028-05-09,131.35095
2028-05-10,131.46616
2028-05-11,126.997025
2028-05-12,129.86472
2028-05-13,121.608025
2028-05-14,106.31936
2028-05-15,140.27393
2028-05-16,128.0105
2028-05-17,129.74391
2028-05-18,128.31506
2028-05-19,128.43474
2028-05-20,119.82343
2028-05-21,104.51478
2028-05-22,138.72717
2028-05-23,126.546394
2028-05-24,128.3325
2028-05-25,127.055664
2028-05-26,127.53486
2028-05-27,116.14636
2028-05-28,104.30037
2028-05-29,139.01399
2028-05-30,127.082695
2028-05-31,129.19872
2028-06-01,127.98819
2028-06-02,128.70363
2028-06-03,117.295105
2028-06-04,105.578094
2028-06-05,140.18922
2028-06-06,128.15555
2028-06-07,130.26979
2028-06-08,129.09608
2028-06-09,129.48357
2028-06-10,121.091835
2028-06-11,106.07203
2028-06-12,140.13174
2028-06-13,127.77413
2028-06-14,129.58588
2028-06-15,128.41942
2028-06-16,128.89119
2028-06-17,120.59367
2028-06-18,105.65912
2028-06-19,139.77092
2028-06-20,127.419426
2028-06-21,129.27917
2028-06-22,128.1995
2028-06-23,128.78008
2028-06-24,120.5787
2028-06-25,105.73399
2028-06-26,139.8722
2028-06-27,127.51947
2028-06-28,129.42554
2028-06-29,128.40092
2028-06-30,129.04344
2028-07-01,120.89393
2028-07-02,106.2443
2028-07-03,140.34613
2028-07-04,127.96805
2028-07-05,129.93527
2028-07-06,129.00545
2028-07-07,129.76027
2028-07-08,121.70481
2028-07-09,107.08265
2028-07-10,141.08427
2028-07-11,128.56499
2028-07-12,130.46115
2028-07-13,129.51003
2028-07-14,130.26491
2028-07-15,122.218834
2028-07-16,107.615425
2028-07-17,141.55826
2028-07-18,128.99011
2028-07-19,130.88249
2028-07-20,129.9425
2028-07-21,130.71501
2028-07-22,122.685135
2028-07-23,108.09661
2028-07-24,142.00337
2028-07-25,129.39542
2028-07-26,131.29297
2028-07-27,130.3662
2028-07-28,131.15672
2028-07-29,123.140526
2028-07-30,108.564186
2028-07-31,142.43735
2028-08-01,129.78818
2028-08-02,131.80907
2028-08-03,130.87624
2028-08-04,132.70813
2028-08-05,121.26687
2028-08-06,110.0536
2028-08-07,144.10843
2028-08-08,131.48872
2028-08-09,133.58989
2028-08-10,132.68878
2028-08-11,133.49449
2028-08-12,125.47453
2028-08-13,111.00677
2028-08-14,144.58499
2028-08-15,131.70065
2028-08-16,133.52402
2028-08-17,132.59053
2028-08-18,134.48114
2028-08-19,122.88583
2028-08-20,111.60451
2028-08-21,145.43791
2028-08-22,132.65688
2028-08-23,134.69833
2028-08-24,133.7732
2028-08-25,134.57019
2028-08-26,126.54688
2028-08-27,112.077515
2028-08-28,145.5581
2028-08-29,132.58292
2028-08-30,134.40282
2028-08-31,133.4821
2028-09-01,134.31757
2028-09-02,126.45757
2028-09-03,112.087395
2028-09-04,145.62056
2028-09-05,132.62903
2028-09-06,134.51736
2028-09-07,133.7281
2028-09-08,134.72653
2028-09-09,126.900085
2028-09-10,112.700806
2028-09-11,146.12617
2028-09-12,133.03412
2028-09-13,134.88821
2028-09-14,134.10526
2028-09-15,135.12909
2028-09-16,127.3352
2028-09-17,113.17631
2028-09-18,146.56488
2028-09-19,133.44098
2028-09-20,135.3081
2028-09-21,134.54747
2028-09-22,135.59521
2028-09-23,127.822685
2028-09-24,113.67895
2028-09-25,147.0299
2028-09-26,133.8687
2028-09-27,135.74236
2028-09-28,134.9942
2028-09-29,136.05762
2028-09-30,128.29785
2028-10-01,114.1649
2028-10-02,147.58362
2028-10-03,134.34167
2028-10-04,136.26154
2028-10-05,135.59904
2028-10-06,136.76979
2028-10-07,129.10751
2028-10-08,115.15972
2028-10-09,148.36069
2028-10-10,135.0456
2028-10-11,136.91496
2028-10-12,136.2317
2028-10-13,137.39145
2028-10-14,129.7269
2028-10-15,115.78695
2028-10-16,148.91043
2028-10-17,135.54077
2028-10-18,137.40057
2028-10-19,136.72194
2028-10-20,137.89131
2028-10-21,130.2386
2028-10-22,116.3094
2028-10-23,149.39102
2028-10-24,135.9842
2028-10-25,137.84987
2028-10-26,137.18277
2028-10-27,138.36647
2028-10-28,130.72621
2028-10-29,116.807335
2028-10-30,149.85297
2028-10-31,136.41098
2028-11-01,138.28273
2028-11-02,137.72203
2028-11-03,138.90503
2028-11-04,131.3489
2028-11-05,117.612526
2028-11-06,150.5988
2028-11-07,137.0824
2028-11-08,138.9752
2028-11-09,138.38757
2028-11-10,139.67526
2028-11-11,132.13382
2028-11-12,118.408424
2028-11-13,151.26797
2028-11-14,137.66423
2028-11-15,139.5244
2028-11-16,138.92795
2028-11-17,140.2159
2028-11-18,132.68202
2028-11-19,118.96553
2028-11-20,151.77347
2028-11-21,138.13062
2028-11-22,139.99344
2028-11-23,139.40634
2028-11-24,140.70622
2028-11-25,133.18427
2028-11-26,119.47736
2028-11-27,152.24709
2028-11-28,138.57037
2028-11-29,140.44139
2028-11-30,139.86646
2028-12-01,141.18036
2028-12-02,133.75784
2028-12-03,120.11207
2028-12-04,152.8465
2028-12-05,139.13332
2028-12-06,141.05176
2028-12-07,140.55894
2028-12-08,141.97273
2028-12-09,134.5563
2028-12-10,121.04512
2028-12-11,153.63808
2028-12-12,139.8124
2028-12-13,141.67897
2028-12-14,141.16429
2028-12-15,144.7233
2028-12-16,132.92302
2028-12-17,122.3658
2028-12-18,154.93991
2028-12-19,141.11792
2028-12-20,143.13728
2028-12-21,142.58253
2028-12-22,143.92796
2028-12-23,136.45534
2028-12-24,122.91014
2028-12-25,155.29337
2028-12-26,140.39151
2028-12-27,140.20781
2028-12-28,142.60178
2028-12-29,144.57784
2028-12-30,137.27834
2028-12-31,123.82575
2029-01-01,156.08
2029-01-02,135.03285
2029-01-03,133.54692
2029-01-04,133.93936
2029-01-05,133.66258
2029-01-06,124.39626
2029-01-07,108.33162
2029-01-08,141.86636
2029-01-09,128.90768
2029-01-10,129.85106
2029-01-11,127.58825
2029-01-12,126.77794
2029-01-13,117.55554
2029-01-14,101.44765
2029-01-15,136.27324
2029-01-16,124.169914
2029-01-17,125.86276
2029-01-18,124.14804
2029-01-19,123.81529
2029-01-20,114.971596
2029-01-21,99.15978
2029-01-22,134.40366
2029-01-23,122.60504
2029-01-24,124.60212
2029-01-25,123.11259
2029-01-26,123.00253
2029-01-27,114.33159
2029-01-28,98.64577
2029-01-29,133.99028
2029-01-30,122.26734
2029-01-31,124.35898
2029-02-01,122.98677
2029-02-02,123.15014
2029-02-03,114.57296
2029-02-04,99.07086
2029-02-05,134.45445
2029-02-06,122.703125
2029-02-07,124.82823
2029-02-08,123.507256
2029-02-09,123.58027
2029-02-10,115.05611
2029-02-11,99.579765
2029-02-12,134.83731
2029-02-13,122.97406
2029-02-14,123.2526
2029-02-15,106.80078
2029-02-16,113.173645
2029-02-17,124.11234
2029-02-18,112.63085
2029-02-19,146.63344
2029-02-20,133.10387
2029-02-21,133.90878
2029-02-22,131.10231
2029-02-23,129.9407
2029-02-24,120.41129
2029-02-25,94.42764
2029-02-26,143.91379
2029-02-27,131.97197
2029-02-28,132.81364
2029-03-01,130.01471
2029-03-02,128.98082
2029-03-03,119.44685
2029-03-04,103.32726
2029-03-05,137.985
2029-03-06,125.569695
2029-03-07,127.32388
2029-03-08,125.84383
2029-03-09,125.86732
2029-03-10,117.29903
2029-03-11,101.88668
2029-03-12,136.84177
2029-03-13,124.633095
2029-03-14,126.60767
2029-03-15,125.32356
2029-03-16,125.22329
2029-03-17,114.08709
2029-03-18,102.33009
2029-03-19,137.85516
2029-03-20,125.90977
2029-03-21,128.18576
2029-03-22,126.91722
2029-03-23,127.08543
2029-03-24,118.595566
2029-03-25,103.25093
2029-03-26,138.11494
2029-03-27,125.81241
2029-03-28,127.785835
2029-03-29,126.48881
2029-03-30,126.689865
2029-03-31,117.9677
2029-04-01,100.1988
2029-04-02,132.7228
2029-04-03,121.05491
2029-04-04,128.10909
2029-04-05,128.21112
2029-04-06,129.07053
2029-04-07,120.8629
2029-04-08,105.75913
2029-04-09,140.38779
2029-04-10,127.86173
2029-04-11,129.78035
2029-04-12,128.43488
2029-04-13,128.6037
2029-04-14,120.13551
2029-04-15,104.91173
2029-04-16,139.56941
2029-04-17,127.01209
2029-04-18,128.92065
2029-04-19,127.68272
2029-04-20,128.003
2029-04-21,119.67905
2029-04-22,104.578094
2029-04-23,139.2981
2029-04-24,126.76694
2029-04-25,127.64432
2029-04-26,123.95208
2029-04-27,127.86826
2029-04-28,120.49415
2029-04-29,105.845825
2029-04-30,140.55322
2029-05-01,128.03291
2029-05-02,129.21275
2029-05-03,125.46308
2029-05-04,129.37509
2029-05-05,121.98768
2029-05-06,107.411606
2029-05-07,141.94684
2029-05-08,129.24298
2029-05-09,131.23267
2029-05-10,130.02693
2029-05-11,130.64125
2029-05-12,119.163086
2029-05-13,107.57296
2029-05-14,142.44325
2029-05-15,126.766655
2029-05-16,128.22232
2029-05-17,130.5021
2029-05-18,131.83514
2029-05-19,123.80439
2029-05-20,108.92236
2029-05-21,143.19565
2029-05-22,130.28789
2029-05-23,132.1722
2029-05-24,130.92567
2029-05-25,131.26308
2029-05-26,122.93802
2029-05-27,107.936844
2029-05-28,137.52724
2029-05-29,124.033226
2029-05-30,130.29625
2029-05-31,130.29565
2029-06-01,131.3143
2029-06-02,123.855736
2029-06-03,106.21444
2029-06-04,143.3599
2029-06-05,131.10764
2029-06-06,133.57565
2029-06-07,132.53635
2029-06-08,133.02188
2029-06-09,124.76169
2029-06-10,109.91736
2029-06-11,144.07553
2029-06-12,130.9578
2029-06-13,132.79825
2029-06-14,131.67192
2029-06-15,132.20021
2029-06-16,124.04861
2029-06-17,109.30511
2029-06-18,143.54648
2029-06-19,130.45392
2029-06-20,132.34673
2029-06-21,131.32323
2029-06-22,131.96928
2029-06-23,123.92165
2029-06-24,109.26761
2029-06-25,143.54413
2029-06-26,130.46468
2029-06-27,132.40697
2029-06-28,131.4471
2029-06-29,132.16345
2029-06-30,124.17543
2029-07-01,109.574936
2029-07-02,144.00177
2029-07-03,130.8704
2029-07-04,132.88464
2029-07-05,132.02461
2029-07-06,132.85228
2029-07-07,124.95594
2029-07-08,110.52614
2029-07-09,144.7072
2029-07-10,131.47878
2029-07-11,133.42863
2029-07-12,132.54364
2029-07-13,133.36256
2029-07-14,125.466484
2029-07-15,111.050064
2029-07-16,145.16673
2029-07-17,131.88565
2029-07-18,133.82907
2029-07-19,132.95377
2029-07-20,133.78854
2029-07-21,125.9077
2029-07-22,111.50571
2029-07-23,145.58864
2029-07-24,132.27057
2029-07-25,134.04453
2029-07-26,129.97444
2029-07-27,134.18697
2029-07-28,127.05856
2029-07-29,112.997665
2029-07-30,146.97562
2029-07-31,133.63043
2029-08-01,135.64915
2029-08-02,134.88002
2029-08-03,135.64555
2029-08-04,127.75976
2029-08-05,113.45129
2029-08-06,147.36649
2029-08-07,133.86702
2029-08-08,135.77881
2029-08-09,134.92351
2029-08-10,135.79771
2029-08-11,127.94982
2029-08-12,113.680214
2029-08-13,147.53276
2029-08-14,133.97292
2029-08-15,135.8793
2029-08-16,135.05876
2029-08-17,135.98482
2029-08-18,129.29517
2029-08-19,111.56869
2029-08-20,148.0307
2029-08-21,134.99492
2029-08-22,137.35641
2029-08-23,136.57861
2029-08-24,137.48083
2029-08-25,129.62125
2029-08-26,115.35137
2029-08-27,149.04532
2029-08-28,135.37677
2029-08-29,137.27336
2029-08-30,136.42337
2029-08-31,137.31122
2029-09-01,129.47481
2029-09-02,115.37421
2029-09-03,149.07774
2029-09-04,135.4035
2029-09-05,137.36557
2029-09-06,136.64308
2029-09-07,137.68285
2029-09-08,129.98196
2029-09-09,115.94056
2029-09-10,149.60057
2029-09-11,135.82042
2029-09-12,137.7416
2029-09-13,137.01816
2029-09-14,138.07419
2029-09-15,130.39777
2029-09-16,116.38827
2029-09-17,150.01285
2029-09-18,136.2006
2029-09-19,138.13498
2029-09-20,137.43509
2029-09-21,138.51538
2029-09-22,130.86081
2029-09-23,116.86982
2029-09-24,150.45589
2029-09-25,136.6087
2029-09-26,138.5498
2029-09-27,137.86229
2029-09-28,138.95706
2029-09-29,131.31412
2029-09-30,117.332825
2029-10-01,150.88675
2029-10-02,137.11928
2029-10-03,139.0466
2029-10-04,138.43005
2029-10-05,139.62506
2029-10-06,132.07648
2029-10-07,118.2723
2029-10-08,151.74341
2029-10-09,137.7572
2029-10-10,139.70612
2029-10-11,139.08513
2029-10-12,140.26634
2029-10-13,132.70616
2029-10-14,118.90353
2029-10-15,152.28882
2029-10-16,138.24081
2029-10-17,140.17664
2029-10-18,139.55779
2029-10-19,140.74579
2029-10-20,133.19576
2029-10-21,119.402985
2029-10-22,152.74806
2029-10-23,138.66489
2029-10-24,140.60655
2029-10-25,139.99904
2029-10-26,141.20001
2029-10-27,133.66129
2029-10-28,119.87777
2029-10-29,153.1897
2029-10-30,139.07396
2029-10-31,141.02351
2029-11-01,140.42638
2029-11-02,141.75247
2029-11-03,134.22185
2029-11-04,120.59011
2029-11-05,153.8777
2029-11-06,139.71101
2029-11-07,141.699
2029-11-08,141.17761
2029-11-09,142.4769
2029-11-10,135.02725
2029-11-11,121.42403
2029-11-12,154.57571
2029-11-13,140.3044
2029-11-14,142.25014
2029-11-15,141.71313
2029-11-16,143.00627
2029-11-17,135.55975
2029-11-18,121.96334
2029-11-19,155.06322
2029-11-20,140.75275
2029-11-21,142.70042
2029-11-22,142.1722
2029-11-23,143.47566
2029-11-24,136.03983
2029-11-25,122.452126
2029-11-26,155.51617
2029-11-27,141.17409
2029-11-28,143.13004
2029-11-29,142.61377
2029-11-30,143.92998
2029-12-01,136.50507
2029-12-02,123.06232
2029-12-03,156.05661
2029-12-04,140.65112
2029-12-05,140.54594
2029-12-06,143.22227
2029-12-07,145.29561
2029-12-08,138.12784
2029-12-09,124.81992
2029-12-10,157.60495
2029-12-11,143.11203
2029-12-12,145.11443
2029-12-13,144.62125
2029-12-14,145.94905
2029-12-15,138.53848
2029-12-16,125.077965
2029-12-17,157.84813
2029-12-18,143.2755
2029-12-19,145.1961
2029-12-20,144.69958
2029-12-21,146.04973
2029-12-22,138.6706
2029-12-23,125.23752
2029-12-24,158.01282
2029-12-25,143.42955
2029-12-26,146.49605
2029-12-27,141.87848
2029-12-28,146.38582
2029-12-29,139.57263
2029-12-30,126.4157
2029-12-31,159.04906
2030-01-01,144.46088
2030-01-02,140.92278
2030-01-03,134.90424
2030-01-04,137.17084
2030-01-05,128.46591
2030-01-06,112.84217
2030-01-07,146.08957
2030-01-08,132.1632
2030-01-09,133.01508
2030-01-10,130.74278
2030-01-11,130.00792
2030-01-12,120.985825
2030-01-13,105.190605
2030-01-14,139.86884
2030-01-15,126.97363
2030-01-16,128.64105
2030-01-17,126.97544
2030-01-18,126.76002
2030-01-19,118.15261
2030-01-20,102.656334
2030-01-21,137.81473
2030-01-22,125.27642
2030-01-23,127.274254
2030-01-24,125.868515
2030-01-25,125.87909
2030-01-26,117.456375
2030-01-27,102.09475
2030-01-28,137.36919
2030-01-29,124.91423
2030-01-30,127.00289
2030-01-31,125.67257
2030-02-01,125.80257
2030-02-02,117.6508
2030-02-03,102.40054
2030-02-04,132.17357
2030-02-05,100.61043
2030-02-06,111.30585
2030-02-07,131.9818
2030-02-08,137.20029
2030-02-09,128.52084
2030-02-10,112.01939
2030-02-11,145.68974
2030-02-12,131.90666
2030-02-13,133.10828
2030-02-14,130.98401
2030-02-15,130.44092
2030-02-16,121.53742
2030-02-17,105.900345
2030-02-18,140.69041
2030-02-19,127.76104
2030-02-20,129.57803
2030-02-21,128.09567
2030-02-22,128.10713
2030-02-23,119.66274
2030-02-24,104.37656
2030-02-25,139.40425
2030-02-26,126.64284
2030-02-27,128.6385
2030-02-28,127.33429
2030-03-01,127.52479
2030-03-02,119.4042
2030-03-03,104.27578
2030-03-04,139.39151
2030-03-05,126.66276
2030-03-06,127.50886
2030-03-07,123.861275
2030-03-08,127.81136
2030-03-09,120.552216
2030-03-10,105.97552
2030-03-11,140.97722
2030-03-12,128.13414
2030-03-13,130.21979
2030-03-14,128.96497
2030-03-15,129.21417
2030-03-16,120.94508
2030-03-17,105.89498
2030-03-18,140.78732
2030-03-19,127.8293
2030-03-20,129.81187
2030-03-21,128.58554
2030-03-22,128.90298
2030-03-23,120.71409
2030-03-24,105.73568
2030-03-25,140.66505
2030-03-26,127.713295
2030-03-27,129.73672
2030-03-28,128.57164
2030-03-29,128.96063
2030-03-30,120.829155
2030-03-31,105.89734
2030-04-01,140.82529
2030-04-02,128.02774
2030-04-03,130.0633
2030-04-04,128.98401
2030-04-05,129.48792
2030-04-06,121.451675
2030-04-07,106.682144
2030-04-08,141.55469
2030-04-09,128.46527
2030-04-10,130.4883
2030-04-11,129.39899
2030-04-12,129.89937
2030-04-13,121.86155
2030-04-14,95.499214
2030-04-15,143.35115
2030-04-16,133.94646
2030-04-17,136.32983
2030-04-18,134.42795
2030-04-19,134.0705
2030-04-20,125.37247
2030-04-21,107.1346
2030-04-22,139.5378
2030-04-23,126.1473
2030-04-24,132.90068
2030-04-25,132.83188
2030-04-26,133.648
2030-04-27,125.54739
2030-04-28,110.67579
2030-04-29,145.1121
2030-04-30,131.68286
2030-05-01,133.5538
2030-05-02,132.1819
2030-05-03,129.34393
2030-05-04,124.84986
2030-05-05,108.02827
2030-05-06,145.52328
2030-05-07,132.84563
2030-05-08,135.35681
2030-05-09,134.19731
2030-05-10,134.53282
2030-05-11,126.24724
2030-05-12,111.37484
2030-05-13,145.68333
2030-05-14,132.07693
2030-05-15,133.89392
2030-05-16,132.6785
2030-05-17,133.56682
2030-05-18,122.03551
2030-05-19,110.777756
2030-05-20,145.67236
2030-05-21,132.34355
2030-05-22,134.47281
2030-05-23,133.36436
2030-05-24,133.85713
2030-05-25,125.765564
2030-05-26,111.06511
2030-05-27,145.46347
2030-05-28,131.8836
2030-05-29,133.78708
2030-05-30,132.70161
2030-05-31,133.81343
2030-06-01,122.354744
2030-06-02,110.62718
2030-06-03,142.46016
2030-06-04,132.6095
2030-06-05,136.05739
2030-06-06,135.35635
2030-06-07,136.05312
2030-06-08,128.0109
2030-06-09,113.42899
2030-06-10,147.58795
2030-06-11,133.77339
2030-06-12,135.62105
2030-06-13,134.50856
2030-06-14,135.06345
2030-06-15,127.057816
2030-06-16,112.54081
2030-06-17,146.80734
2030-06-18,133.02763
2030-06-19,134.92159
2030-06-20,133.93297
2030-06-21,134.63669
2030-06-22,126.767006
2030-06-23,112.35873
2030-06-24,146.68076
2030-06-25,132.92632
2030-06-26,134.87381
2030-06-27,133.94951
2030-06-28,134.72603
2030-06-29,126.9187
2030-06-30,112.57463
2030-07-01,146.90933
2030-07-02,133.30891
2030-07-03,135.2836
2030-07-04,134.4627
2030-07-05,135.3595
2030-07-06,127.653275
2030-07-07,113.472755
2030-07-08,147.74443
2030-07-09,133.87167
2030-07-10,135.84712
2030-07-11,135.01242
2030-07-12,135.89449
2030-07-13,128.17683
2030-07-14,113.66935
2030-07-15,144.4436
2030-07-16,133.95038
2030-07-17,137.06522
2030-07-18,136.49478
2030-07-19,137.45267
2030-07-20,129.6972
2030-07-21,115.48185
2030-07-22,149.51753
2030-07-23,135.48135
2030-07-24,137.4121
2030-07-25,136.51234
2030-07-26,137.32274
2030-07-27,129.53801
2030-07-28,115.30608
2030-07-29,149.37358
2030-07-30,135.32228
2030-07-31,137.2552
2030-08-01,136.40582
2030-08-02,137.43994
2030-08-03,129.72362
2030-08-04,115.682236
2030-08-05,149.78963
2030-08-06,135.71384
2030-08-07,137.70177
2030-08-08,136.94833
2030-08-09,137.93399
2030-08-10,130.30327
2030-08-11,116.30243
2030-08-12,150.30238
2030-08-13,136.13504
2030-08-14,138.09775
2030-08-15,137.34996
2030-08-16,138.35178
2030-08-17,130.74217
2030-08-18,116.71451
2030-08-19,147.03714
2030-08-20,136.22269
2030-08-21,139.29286
2030-08-22,138.79546
2030-08-23,139.86894
2030-08-24,132.22252
2030-08-25,118.208275
2030-08-26,152.01263
2030-08-27,137.7103
2030-08-28,139.6497
2030-08-29,138.84688
2030-08-30,139.7813
2030-08-31,132.10541
2030-09-01,118.06798
2030-09-02,152.05385
2030-09-03,137.70035
2030-09-04,139.6881
2030-09-05,139.00923
2030-09-06,140.09158
2030-09-07,132.5474
2030-09-08,118.71722
2030-09-09,152.51512
2030-09-10,138.1118
2030-09-11,140.06879
2030-09-12,139.3887
2030-09-13,140.48
2030-09-14,132.95064
2030-09-15,119.14536
2030-09-16,152.89807
2030-09-17,138.46085
2030-09-18,140.42921
2030-09-19,139.77235
2030-09-20,140.88863
2030-09-21,133.38306
2030-09-22,119.59815
2030-09-23,153.32137
2030-09-24,138.85144
2030-09-25,140.82645
2030-09-26,140.18155
2030-09-27,141.31131
2030-09-28,133.81642
2030-09-29,120.04011
2030-09-30,153.73396
2030-10-01,139.233
2030-10-02,141.35838
2030-10-03,140.71092
2030-10-04,141.92061
2030-10-05,134.51729
2030-10-06,120.911415
2030-10-07,154.55539
2030-10-08,139.96715
2030-10-09,141.96428
2030-10-10,141.38925
2030-10-11,142.59848
2030-10-12,135.17548
2030-10-13,121.56331
2030-10-14,155.10995
2030-10-15,140.44835
2030-10-16,142.42564
2030-10-17,141.8483
2030-10-18,143.06036
2030-10-19,135.64503
2030-10-20,122.04133
2030-10-21,155.54918
2030-10-22,140.85399
2030-10-23,142.83687
2030-10-24,142.27063
2030-10-25,143.49461
2030-10-26,136.08969
2030-10-27,122.49413
2030-10-28,155.97144
2030-10-29,141.24637
2030-10-30,143.23726
2030-10-31,142.6828
2030-11-01,143.91768
2030-11-02,136.65302
2030-11-03,123.114944
2030-11-04,156.5884
2030-11-05,141.83722
2030-11-06,143.8846
2030-11-07,143.41235
2030-11-08,144.73276
2030-11-09,137.41013
2030-11-10,123.98267
2030-11-11,157.32494
2030-11-12,142.45345
2030-11-13,144.44948
2030-11-14,143.95392
2030-11-15,145.26001
2030-11-16,137.93434
2030-11-17,124.510155
2030-11-18,157.79875
2030-11-19,142.88687
2030-11-20,144.88338
2030-11-21,144.39566
2030-11-22,145.71037
2030-11-23,138.39406
2030-11-24,125.676254
2030-11-25,154.72656
2030-11-26,143.03625
2030-11-27,146.01024
2030-11-28,145.7195
2030-11-29,147.08932
2030-11-30,139.74303
2030-12-01,126.306984
2030-12-02,159.53313
2030-12-03,144.47058
2030-12-04,146.51509
2030-12-05,146.06607
2030-12-06,147.40814
2030-12-07,140.11269
2030-12-08,126.8072
2030-12-09,159.87793
2030-12-10,144.76584
2030-12-11,146.75429
2030-12-12,146.30498
2030-12-13,147.66405
2030-12-14,140.39476
2030-12-15,127.120346
2030-12-16,160.16005
2030-12-17,145.02292
2030-12-18,147.022
2030-12-19,146.59686
2030-12-20,147.98479
2030-12-21,140.74391
2030-12-22,127.49475
2030-12-23,160.51703
2030-12-24,145.36314
2030-12-25,147.38628
2030-12-26,148.62589
2030-12-27,145.49245
2030-12-28,141.30777
2030-12-29,128.71907
2030-12-30,161.64423
2030-12-31,146.49397
